Loop Number,Length (px)
0,176.46893269229759
1,295.8098415131409
2,443.66907024933806
3,531.5288590160918
4,252.49309478805174
